Date,Session_All_traffic,Click_Channels,Session_Traffic_Campaign,Session_Ads_campaign,Click_Ads-bid_Adjustments,Click_Sitelinks,Medium,Rainfall
01.01.2019,0.0,0.0,0,0,0,0
02.01.2019,0.0,0.0,0,0,0,0
03.01.2019,0.0,0.0,0,0,0,0
04.01.2019,0.0,0.0,0,0,0,0
05.01.2019,0.0,0.0,0,0,0,0
06.01.2019,0.0,0.0,0,0,0,0
07.01.2019,0.0,0.0,0,0,0,0
08.01.2019,0.0,0.0,0,0,0,0
09.01.2019,0.0,0.0,0,0,0,0
10.01.2019,0.0,0.0,0,0,0,0
11.01.2019,0.0,0.0,0,0,0,0
12.01.2019,0.0,0.0,0,0,0,0
13.01.2019,0.0,0.0,0,0,0,0
14.01.2019,0.0,0.0,0,0,0,0
15.01.2019,0.0,0.0,0,0,0,0
16.01.2019,0.0,0.0,0,0,4,0
17.01.2019,0.0,0.0,0,0,0,0
18.01.2019,0.0,0.0,0,0,0,0
19.01.2019,0.0,0.0,0,0,0,0
20.01.2019,0.0,0.0,0,0,0,0
21.01.2019,0.0,0.0,0,0,0,0
22.01.2019,0.0,0.0,0,0,0,0
23.01.2019,0.0,0.0,0,0,10,0
24.01.2019,0.0,0.0,0,0,13,0
25.01.2019,0.0,0.0,0,0,11,0
26.01.2019,0.0,0.0,0,0,12,0
27.01.2019,0.0,0.0,0,0,11,0
28.01.2019,0.0,0.0,0,0,9,0
29.01.2019,0.0,0.0,0,0,10,0
30.01.2019,0.0,0.0,0,0,21,0
31.01.2019,0.0,0.0,0,0,16,0
01.02.2019,0.0,0.0,0,0,22,0
02.02.2019,0.0,0.0,0,0,13,0
03.02.2019,0.0,0.0,0,0,15,0
04.02.2019,150.0,150.0,2,21,23,0
05.02.2019,110.0,110.0,1,23,18,0
06.02.2019,91.0,91.0,0,15,21,0
07.02.2019,138.0,138.0,11,27,29,3
08.02.2019,126.0,126.0,4,37,25,1
09.02.2019,92.0,92.0,0,21,20,2
10.02.2019,76.0,76.0,0,21,20,2
11.02.2019,134.0,134.0,2,29,30,3
12.02.2019,128.0,128.0,0,20,23,3
13.02.2019,155.0,155.0,1,34,34,4
14.02.2019,119.0,119.0,0,29,31,1
15.02.2019,128.0,128.0,0,28,24,2
16.02.2019,112.0,112.0,0,20,22,3
17.02.2019,153.0,153.0,0,32,35,7
18.02.2019,168.0,168.0,1,32,31,4
19.02.2019,147.0,147.0,4,40,38,3
20.02.2019,144.0,144.0,2,19,18,2
21.02.2019,152.0,152.0,6,16,16,0
22.02.2019,149.0,149.0,2,20,21,0
23.02.2019,155.0,155.0,0,19,18,2
24.02.2019,146.0,146.0,0,42,42,5
25.02.2019,164.0,164.0,6,9,0,0
26.02.2019,182.0,182.0,2,3,0,0
27.02.2019,232.0,232.0,6,38,40,3
28.02.2019,218.0,218.0,3,24,20,0
01.03.2019,162.0,162.0,1,34,60,4
02.03.2019,130.0,130.0,0,32,46,3
03.03.2019,146.0,146.0,1,30,55,5
04.03.2019,162.0,162.0,0,30,53,4
05.03.2019,178.0,178.0,4,39,47,0
06.03.2019,77.0,77.0,1,9,60,0
07.03.2019,157.0,157.0,1,41,57,5
08.03.2019,125.0,125.0,4,16,32,0
09.03.2019,134.0,134.0,0,16,38,2
10.03.2019,178.0,178.0,0,43,70,11
11.03.2019,232.0,232.0,3,25,49,1
12.03.2019,193.0,193.0,7,29,52,1
13.03.2019,198.0,198.0,3,24,45,1
14.03.2019,220.0,220.0,1,24,53,1
15.03.2019,159.0,159.0,4,20,47,0
16.03.2019,142.0,142.0,0,32,77,1
17.03.2019,152.0,152.0,0,37,67,5
18.03.2019,176.0,176.0,2,22,54,2
19.03.2019,294.0,294.0,0,32,81,2
20.03.2019,0.0,0.0,0,0,58,1
21.03.2019,0.0,0.0,0,0,70,2
22.03.2019,0.0,0.0,0,0,73,1
23.03.2019,0.0,0.0,0,0,81,5
24.03.2019,0.0,0.0,0,0,66,7
25.03.2019,0.0,0.0,0,0,79,1
26.03.2019,0.0,0.0,0,0,82,2
27.03.2019,491.0,491.0,10,79,69,1
28.03.2019,458.0,458.0,18,83,75,2
29.03.2019,555.0,555.0,34,121,100,2
30.03.2019,718.0,718.0,40,147,122,8
31.03.2019,475.0,475.0,23,98,78,5
01.04.2019,626.0,626.0,23,109,83,5
02.04.2019,607.0,607.0,23,100,83,1
03.04.2019,536.0,536.0,13,74,66,4
04.04.2019,663.0,663.0,21,100,89,7
05.04.2019,817.0,817.0,49,112,89,3
06.04.2019,930.0,930.0,33,105,92,11
07.04.2019,1.041,1.041,46,150,112,8
08.04.2019,839.0,839.0,37,146,101,4
09.04.2019,761.0,761.0,47,96,81,4
10.04.2019,515.0,515.0,39,99,86,6
11.04.2019,549.0,549.0,52,103,77,6
12.04.2019,448.0,448.0,143,103,85,2
13.04.2019,435.0,435.0,130,99,80,1
14.04.2019,510.0,510.0,141,112,89,5
15.04.2019,687.0,687.0,119,91,82,5
16.04.2019,553.0,553.0,121,100,88,9
17.04.2019,893.0,893.0,212,175,137,16
18.04.2019,1.36,1.36,233,178,138,16
19.04.2019,1.86,1.86,213,153,115,9
20.04.2019,1.766,1.766,329,284,233,30
21.04.2019,1.806,1.806,338,277,226,48
22.04.2019,1.2109999999999999,1.2109999999999999,255,202,167,24
23.04.2019,901.0,901.0,251,210,175,12
24.04.2019,905.0,905.0,218,182,131,15
25.04.2019,1.107,1.107,329,247,207,30
26.04.2019,1.242,1.242,258,187,136,5
27.04.2019,787.0,787.0,172,156,130,21
28.04.2019,760.0,760.0,165,138,118,20
29.04.2019,986.0,986.0,196,169,130,12
30.04.2019,953.0,953.0,154,105,74,3
01.05.2019,783.0,783.0,167,134,107,7
02.05.2019,658.0,658.0,165,157,128,5
03.05.2019,673.0,673.0,170,139,109,2
04.05.2019,684.0,684.0,201,150,120,10
05.05.2019,735.0,735.0,250,202,151,9
06.05.2019,751.0,751.0,204,172,134,0
07.05.2019,711.0,711.0,210,166,126,1
08.05.2019,723.0,723.0,225,193,151,3
09.05.2019,833.0,833.0,260,215,160,5
10.05.2019,864.0,864.0,311,276,196,0
11.05.2019,1.2890000000000001,1.2890000000000001,492,414,314,5
12.05.2019,971.0,971.0,358,330,241,5
13.05.2019,1.0390000000000001,1.0390000000000001,344,315,244,2
14.05.2019,1.036,1.036,379,348,262,0
15.05.2019,1.1059999999999999,1.1059999999999999,360,336,261,1
16.05.2019,1.0859999999999999,1.0859999999999999,321,300,230,1
17.05.2019,765.0,765.0,278,245,185,2
18.05.2019,1.5930000000000002,1.5930000000000002,557,498,413,2
19.05.2019,1.5759999999999998,1.5759999999999998,489,440,342,0
20.05.2019,1.3980000000000001,1.3980000000000001,445,412,298,1
21.05.2019,1.052,1.052,329,312,239,1
22.05.2019,902.0,902.0,289,278,222,0
23.05.2019,1.1079999999999999,1.1079999999999999,275,270,188,1
24.05.2019,973.0,973.0,265,260,199,5
25.05.2019,1.078,1.078,305,304,251,1
26.05.2019,831.0,831.0,291,289,217,2
27.05.2019,984.0,984.0,244,238,168,3
28.05.2019,955.0,955.0,216,204,149,1
29.05.2019,967.0,967.0,245,221,163,1
30.05.2019,813.0,813.0,271,254,188,5
31.05.2019,1.631,1.631,447,431,321,1
01.06.2019,1.419,1.419,388,373,289,7
02.06.2019,1.588,1.588,392,385,306,2
03.06.2019,1.65,1.65,456,435,312,6
04.06.2019,1.92,1.92,400,370,248,0
05.06.2019,2.502,2.502,442,421,308,3
06.06.2019,1.9180000000000001,1.9180000000000001,441,365,290,0
07.06.2019,1.544,1.544,374,363,265,2
08.06.2019,1.52,1.52,458,456,375,1
09.06.2019,1.7480000000000002,1.7480000000000002,552,549,428,2
10.06.2019,1.4280000000000002,1.4280000000000002,429,427,319,4
11.06.2019,1.5019999999999998,1.5019999999999998,358,345,255,3
12.06.2019,1.656,1.656,357,353,293,0
13.06.2019,1.926,1.926,386,384,295,3
14.06.2019,1.9580000000000002,1.9580000000000002,447,442,338,5
15.06.2019,1.3230000000000002,1.3230000000000002,416,415,307,0
16.06.2019,1.8419999999999999,1.8419999999999999,465,464,356,1
17.06.2019,2.208,2.208,455,451,371,1
18.06.2019,2.247,2.247,457,456,356,0
19.06.2019,2.261,2.261,363,361,271,1
20.06.2019,2.151,2.151,525,518,361,1
21.06.2019,2.046,2.046,549,547,387,1
22.06.2019,2.205,2.205,398,397,301,1
23.06.2019,2.256,2.256,465,462,348,1
24.06.2019,2.6839999999999997,2.6839999999999997,661,658,479,2
25.06.2019,2.6,2.6,539,529,372,0
26.06.2019,2.314,2.314,680,677,537,0
27.06.2019,2.0,2.0,499,498,338,0
28.06.2019,2.23,2.23,613,610,462,3
29.06.2019,2.63,2.63,885,879,672,2
30.06.2019,2.385,2.385,824,819,623,1
01.07.2019,1.421,1.421,430,424,272,1
02.07.2019,1.143,1.143,351,349,226,0
03.07.2019,1.111,1.111,264,263,182,2
04.07.2019,1.0390000000000001,1.0390000000000001,332,330,260,1
05.07.2019,1.386,1.386,343,336,235,1
06.07.2019,1.065,1.065,347,341,253,2
07.07.2019,1.3419999999999999,1.3419999999999999,382,378,268,0
08.07.2019,1.604,1.604,370,367,269,2
09.07.2019,1.925,1.925,505,500,373,3
10.07.2019,2.1630000000000003,2.1630000000000003,528,526,375,6
11.07.2019,2.479,2.479,510,504,344,2
12.07.2019,2.4859999999999998,2.4859999999999998,516,512,364,0
13.07.2019,2.39,2.39,685,684,532,2
14.07.2019,2.229,2.229,607,602,438,0
15.07.2019,1.859,1.859,588,585,447,4
16.07.2019,2.023,2.023,586,581,413,6
17.07.2019,2.421,2.421,571,569,438,5
18.07.2019,2.48,2.48,666,657,494,1
19.07.2019,2.154,2.154,464,459,316,2
20.07.2019,2.209,2.209,545,543,425,1
21.07.2019,1.715,1.715,481,477,344,5
22.07.2019,2.096,2.096,563,557,400,0
23.07.2019,2.926,2.926,542,534,378,2
24.07.2019,3.1719999999999997,3.1719999999999997,775,768,591,1
25.07.2019,3.117,3.117,765,759,545,2
26.07.2019,2.7510000000000003,2.7510000000000003,718,707,528,6
27.07.2019,2.287,2.287,704,699,541,0
28.07.2019,2.0140000000000002,2.0140000000000002,664,659,498,4
29.07.2019,2.431,2.431,774,768,554,0
30.07.2019,1.952,1.952,592,588,444,2
31.07.2019,1.3880000000000001,1.3880000000000001,380,374,248,1
01.08.2019,1.454,1.454,420,412,317,0
02.08.2019,2.189,2.189,519,517,373,3
03.08.2019,2.253,2.253,590,585,428,1
04.08.2019,1.786,1.786,456,452,300,5
05.08.2019,1.838,1.838,552,549,424,2
06.08.2019,1.5659999999999998,1.5659999999999998,419,415,272,2
07.08.2019,1.474,1.474,479,478,381,0
08.08.2019,1.284,1.284,435,429,299,1
09.08.2019,1.555,1.555,469,465,357,2
10.08.2019,1.548,1.548,517,514,386,1
11.08.2019,1.2830000000000001,1.2830000000000001,425,423,303,2
12.08.2019,1.26,1.26,364,359,260,0
13.08.2019,857.0,857.0,272,272,198,1
14.08.2019,1.004,1.004,334,330,241,3
15.08.2019,864.0,864.0,295,292,230,1
16.08.2019,969.0,969.0,341,342,248,3
17.08.2019,782.0,782.0,272,271,192,0
18.08.2019,820.0,820.0,315,314,239,1
19.08.2019,1.212,1.212,418,416,300,1
20.08.2019,1.185,1.185,376,373,256,1
21.08.2019,1.216,1.216,336,335,263,1
22.08.2019,1.357,1.357,367,352,293,1
23.08.2019,1.923,1.923,360,354,297,2
24.08.2019,2.0669999999999997,2.0669999999999997,257,249,179,0
25.08.2019,1.859,1.859,62,62,0,0
26.08.2019,1.705,1.705,44,40,0,0
27.08.2019,1.3090000000000002,1.3090000000000002,30,28,0,0
28.08.2019,1.188,1.188,17,15,0,0
29.08.2019,1.206,1.206,16,16,0,0
30.08.2019,1.294,1.294,15,13,0,0
31.08.2019,1.48,1.48,18,14,0,0
01.09.2019,799.0,799.0,21,18,0,0
02.09.2019,674.0,674.0,9,9,0,0
03.09.2019,531.0,531.0,117,113,96,1
04.09.2019,509.0,509.0,157,153,128,1
05.09.2019,480.0,480.0,165,162,138,1
06.09.2019,451.0,451.0,162,160,135,2
07.09.2019,984.0,984.0,361,361,299,3
08.09.2019,617.0,617.0,251,250,200,0
09.09.2019,391.0,391.0,126,126,96,1
10.09.2019,368.0,368.0,107,107,93,0
11.09.2019,422.0,422.0,131,131,105,2
12.09.2019,435.0,435.0,118,117,104,1
13.09.2019,589.0,589.0,215,214,181,2
14.09.2019,830.0,830.0,297,291,217,2
15.09.2019,365.0,365.0,102,101,66,0
16.09.2019,403.0,403.0,120,115,94,4
17.09.2019,322.0,322.0,97,93,76,1
18.09.2019,389.0,389.0,115,107,91,1
19.09.2019,414.0,414.0,117,111,95,0
20.09.2019,429.0,429.0,150,146,120,2
21.09.2019,897.0,897.0,290,287,222,5
22.09.2019,759.0,759.0,257,245,203,1
23.09.2019,304.0,304.0,100,93,65,1
24.09.2019,229.0,229.0,74,72,49,2
25.09.2019,251.0,251.0,92,87,68,0
26.09.2019,238.0,238.0,90,85,67,0
27.09.2019,300.0,300.0,98,95,87,0
28.09.2019,474.0,474.0,122,118,99,1
29.09.2019,251.0,251.0,88,84,59,1
30.09.2019,236.0,236.0,68,63,52,1
01.10.2019,224.0,224.0,69,62,48,2
02.10.2019,318.0,318.0,125,123,98,2
03.10.2019,258.0,258.0,96,93,83,0
04.10.2019,287.0,287.0,98,96,77,0
05.10.2019,379.0,379.0,124,119,83,1
06.10.2019,285.0,285.0,98,94,69,0
07.10.2019,213.0,213.0,73,69,54,1
08.10.2019,217.0,217.0,74,64,54,0
09.10.2019,279.0,279.0,107,77,62,0
10.10.2019,283.0,283.0,106,95,81,1
11.10.2019,215.0,215.0,91,78,56,1
12.10.2019,275.0,275.0,126,101,73,0
13.10.2019,277.0,277.0,121,100,87,0
14.10.2019,236.0,236.0,85,75,56,0
15.10.2019,276.0,276.0,118,97,76,1
16.10.2019,215.0,215.0,77,68,53,0
17.10.2019,197.0,197.0,95,79,64,0
18.10.2019,250.0,250.0,91,78,59,0
19.10.2019,246.0,246.0,103,85,70,1
20.10.2019,163.0,163.0,70,62,41,0
21.10.2019,191.0,191.0,53,50,46,2
22.10.2019,196.0,196.0,55,50,44,1
23.10.2019,161.0,161.0,41,39,34,0
24.10.2019,166.0,166.0,47,44,35,0
25.10.2019,217.0,217.0,69,60,47,1
26.10.2019,151.0,151.0,40,37,28,0
27.10.2019,200.0,200.0,63,60,39,0
28.10.2019,160.0,160.0,29,27,27,2
29.10.2019,198.0,198.0,60,53,38,0
30.10.2019,152.0,152.0,38,38,26,0
31.10.2019,160.0,160.0,38,31,25,1
01.11.2019,127.0,127.0,27,22,20,0
02.11.2019,90.0,90.0,27,27,23,0
03.11.2019,144.0,144.0,32,30,26,0
04.11.2019,127.0,127.0,29,29,26,0
05.11.2019,120.0,120.0,33,32,27,0
06.11.2019,122.0,122.0,37,37,31,0
07.11.2019,112.0,112.0,38,33,29,0
08.11.2019,147.0,147.0,39,37,29,0
09.11.2019,120.0,120.0,47,39,33,0
10.11.2019,90.0,90.0,30,27,24,1
11.11.2019,91.0,91.0,21,19,16,1
12.11.2019,117.0,117.0,32,32,29,0
13.11.2019,118.0,118.0,36,34,36,0
14.11.2019,126.0,126.0,36,35,29,1
15.11.2019,79.0,79.0,30,29,28,0
16.11.2019,78.0,78.0,22,22,19,0
17.11.2019,71.0,71.0,23,20,16,0
18.11.2019,112.0,112.0,39,38,29,0
19.11.2019,107.0,107.0,36,36,28,0
20.11.2019,112.0,112.0,35,36,33,0
21.11.2019,85.0,85.0,24,22,19,0
22.11.2019,99.0,99.0,24,21,17,0
23.11.2019,83.0,83.0,20,17,16,0
24.11.2019,98.0,98.0,25,24,24,0
25.11.2019,108.0,108.0,27,24,19,0
26.11.2019,179.0,179.0,68,26,23,0
27.11.2019,93.0,93.0,27,22,22,0
